# Accounting-led AI assurance and structured reporting activity, 2024 to
# 2025.
# Variables: date, organisation, item, indicator, value, note, source.
# The Big Four launch items are media-reported (Financial Times, June 2025)
# rather than primary firm publications, and are labelled as such.
date,organisation,item,indicator,value,note,source
2024-06-21,IFAC and IESBA,Navigating the Gen AI Revolution: Implications for the Accounting Profession,publication,1,Co-published knowledge gateway article on generative AI for professional accountants,IFAC Knowledge Gateway (21 June 2024)
2024-09-16,IAASB,Technology Position adopted,board_adoption,1,IAASB adopted its Technology Position at the September 2024 board meeting,IAASB (September 2024)
2025-03-28,XBRL International,Modernised taxonomy specification announcement,specification,1,New XBRL model designed to directly facilitate and accelerate integration of artificial intelligence with structured data and business rules,XBRL International news (28 March 2025)
2025-06-02,Big Four firms,AI assurance services preparation,media_reported,1,Deloitte EY and PwC reported as preparing to launch AI assurance services,Financial Times (2 June 2025)
2025-06-20,PwC,AI assurance offering launch,offering,1,PwC announced an AI assurance offering for clients adopting AI,Accounting Times (20 June 2025)
2025-10-11,XBRL International,From digital to intelligent reporting with AI and XBRL,publication,1,XBRL positioned as the framework that makes AI outputs reliable interpretable and auditable,XBRL International news (11 October 2025)
2025-11-07,XBRL International,Making data AI-ready with XBRL,publication,1,XBRL taxonomies positioned as AI-ready structured reporting infrastructure,XBRL International news (7 November 2025)
2026-01-01,XBRL UK,UK XBRL filing programmes,document_count,6000000,UK government programmes responsible for creation of over six million XBRL documents to date,XBRL UK projects page (accessed 2026)
