# Organizational adoption of generative AI, McKinsey Global Survey on AI
# waves 2023, early 2024, and 2025, with the Stanford AI Index 2025 reading
# of the same McKinsey data as a separate variant.
# Variables: wave, survey_field_period, metric, share_pct, source.
# Survey waves are kept separate so that adoption figures are never conflated.
# Compiled from McKinsey and Stanford publications; no stable CSV endpoints.
wave,survey_field_period,metric,share_pct,source
2023 wave,April 2023,organizations_regularly_using_gen_ai_pct,33,McKinsey State of AI in 2023 (August 2023)
early 2024 wave,22 February to 5 March 2024,organizations_regularly_using_gen_ai_pct,65,McKinsey State of AI in early 2024 (30 May 2024)
2025 wave,25 June to 29 July 2025,organizations_regularly_using_gen_ai_pct,79,McKinsey State of AI 2025 via McKinsey Week in Charts (December 2025)
2025 wave,25 June to 29 July 2025,organizations_using_ai_in_any_function_pct,88,McKinsey State of AI 2025 via McKinsey Week in Charts (December 2025)
2023 reading,2023,organizations_reporting_ai_use_pct,55,Stanford AI Index 2025 (reading of McKinsey survey data)
2024 reading,2024,organizations_reporting_ai_use_pct,78,Stanford AI Index 2025 (reading of McKinsey survey data)
