# Research opportunities identified in the report, with author ratings of
# theory significance and data availability on 0 to 10 scales.
# Variables: opportunity, field, theory_significance (0 to 10, author
#   rating), data_availability (0 to 10, author rating), basis.
# Ratings are the author's analytical assessment for the research
# opportunity scatter chart, not survey or experimental measurements.
opportunity,field,theory_significance,data_availability,basis
Wage premium for prompt literacy,Labour economics,9,6,Large posting datasets exist but wages linked to verified prompt skill are scarce
Causal persistence of productivity gains,Economics of AI,9,4,Existing experiments are short-horizon; panel designs are rare
Validated prompt literacy assessment,Psychometrics and education,8,3,No validated test of the construct exists
Accounting vocabulary and prompt quality,Accounting and NLP,8,3,Controlled studies comparing structured accounting vocabularies are nascent
Verification behaviour and audit mindset,Behavioural accounting,8,4,Verification is hard to observe directly; experiments are emerging
Organisational training return on investment,Business strategy,7,5,Enterprise training data are proprietary and inconsistent
General literacy versus specialist profession scenarios,Labour economics,7,3,Scenario evidence is speculative and model-dependent
AI assurance market development,Accounting and regulation,7,6,Regulatory announcements exist but market size data are sparse
